Sr. No.,Date(dd/mm/yyyy),Startup Name,Industry Vertical,City / Location,Investors’ Name,InvestmentType,Amount (in USD),Remarks
1,01/10/2015,Indifi,Easy Business Loans platform,Gurgaon,"Accel Partners, Elevar Equity, Pramod Bhasin, Rajan Anandan, Gaurav Dalmia, Abhishek Goyal, Gagan Hasteer , Arun Tadanki",Seed Funding,N/A,
2,01/10/2015,Wydr,Performance based Wholesale Marketplace,New Delhi,Sandeep Aggarwal,Seed Funding,N/A,
3,01/10/2015,EasyFix,Professional Services Marketplace,Gurgaon,Axilor Ventures,Seed Funding,N/A,
4,01/10/2015,Muvizz,Movie-on-demand platform,Singapore,"Ashish Todi, Abhinav Patodia, Kumar Shwetabh",Seed Funding,"350,000",
5,01/10/2015,Abhibus,bus ticketing and fleet management platform,Hyderabad,Paytm (One97 communications),Private Equity,N/A,Strategic Investment
6,01/10/2015,Cleartax,Online Income Tax Filing platform,New Delhi,Paytm (One97 communications),Private Equity,N/A,N/A
7,02/10/2015,Shopalyst,Product discovery & recommendation platform,Bangalore,Kalaari Capital,Private Equity,"2,000,000",Series A
8,03/10/2015,Chillr,Mobile Payments App,Mumbai,Sequoia Capital,Private Equity,"6,000,000",Series A
9,05/10/2015,Nykaa,Beauty & Wellness Products e-tailer,Mumbai,"Harsh Mariwala, Atul Nishar, Dalip Pathak, Michael Carlos",Private Equity,"9,500,000",Series B
10,05/10/2015,Voylla,Fashion jewelry and accessories e-tailer,Jaipur,Peepul Capital,Private Equity,"15,000,000",Series B
11,05/10/2015,IndiaLends,Online Consumer Lending platform,New Delhi,"DSG consumer Partners, Paragon Partners",Private Equity,"1,000,000",Pre-Series A Bridge round
12,05/10/2015,Rock N Shop,Premium Apparel shopping portal,New Delhi,High Networth Individuals (undisclosed),Seed Funding,"150,000",
13,06/10/2015,DocPlexus,Exclusive Platform for Doctors & Healthcare professionals,Pune,"Uniqorn ventures, ASP Consulting",Seed Funding,"700,000",
14,06/10/2015,WorkIndia,Job Board,Mumbai,"Satyen Kothari, Keshav Sanghi, Riddhesh Gandhi & Others",Seed Funding,"500,000",Pre-Series A
15,06/10/2015,SportzVillage,Sports Management & Physical Education Business,Bangalore,Gaja Capital Private Equity Fund,Private Equity,"10,000,000",Series B
16,06/10/2015,SportyBeans,multi-sport program for preschoolers,Pune,YouWeCan Ventures,Seed Funding,N/A,
17,06/10/2015,Burger Singh,QSR & Online delivery portal,Gurgaon,"Ashvin Chadha, Avtar Monga, Udaan Angels, Dheeraj Jain",Seed Funding,"500,000",Bridge Round
18,06/10/2015,Welcome Cure,Online Homeopathy Clinic,Mumbai,Unnamed Media house and HNIs,Private Equity,"6,000,000",Pre-Series A
19,07/10/2015,SchoolGuru,E-Learning Service Provider,Mumbai,High Networth Individuals from India & USA,Private Equity,"3,000,000",Series A
20,07/10/2015,Naturally Yours,Organic Food etailer,Mumbai,Sanjay Mehta,Seed Funding,N/A,
32,07/10/2015,GoJavas,Delivery & Logistics Service provider,Gurgaon,Snapdeal,Private Equity,"20,000,000",Strategic Funding (Series C)
33,07/10/2015,Scandid,Product Discovery & comparison App,Pune,Micromax Informatics,Private Equity,N/A,Strategic Funding
34,07/10/2015,StalkBuyLove,Online Apparels Fashion brand,New Delhi,"Mato Peric, Peter Kabel & others",Private Equity,N/A,Series A
35,08/10/2015,ZuperMeal,Home Cooked Food marketplace & Delivery,Mumbai,"Sanjeev Kapoor,  Ravi Saxena & Others",Private Equity,"2,000,000",Series A
36,08/10/2015,Cube26,Gesture based Mobile Development,New Delhi,"Tiger Global Management, Flipkart",Private Equity,"7,700,000",Series A
37,08/10/2015,Mobikon,Hotel Mobile CRM Software platform,Pune / Singapore,"Life.SREDA, Qualgro",Private Equity,N/A,Series B
38,08/10/2015,Grabhouse,Rental Accommodation Search platform,Bangalore,Sequoia and Kalaari Capital.,Private Equity,"10,000,000",Series B
39,08/10/2015,Quifers,Logistics Tech Platform,Mumbai,"Vikas Agarwal, Vishal Khare, Sanjeev Kakkar, Smile Group",Seed Funding,"310,000",
40,09/10/2015,Stockroom.io,Developer Portfolio Showcase platform,Hyderabad,Undisclosed Investors,Seed Funding,"70,000",
41,09/10/2015,Curofy,Doctors Network Mobile App,New Delhi,RoundGlass Partners,Private Equity,N/A,Pre-Series A
42,09/10/2015,Cloud Lending,End-to-End Lending platform,Bangalore / San Mateo,SF Capital Group,Private Equity,"8,000,000",Series A
43,09/10/2015,Inayo,on-demand healthcare marketplace,Mumbai,"Kemark Ventures, Amit Ranjan, Zishaan Hayath and Others",Seed Funding,"300,000",
44,09/10/2015,WoNoBo,360-degree view creating platform,Bangalore,Quikr,Private Equity,N/A,Strategic Funding
45,09/10/2015,Kulzy,Advertising & Marketing Community Networking platform,New Delhi,"Seedfund, Bedrock Ventures",Seed Funding,"1,000,000",
46,09/10/2015,Zeppery,Food Ordering & Delivery App,New Delhi,Suyash Sharma,Seed Funding,"77,000",
47,12/10/2015,Zify,Ride Sharing platform,Hyderabad,Sean O’Sullivan & Others,Seed Funding,"190,000",
48,12/10/2015,Faircent,Online P2P lending marketplace,Gurgaon,Aarin Capital Partners,Private Equity,N/A,Series A
49,12/10/2015,Bizongo,B2B marketplace for industrial goods,Mumbai,Accel Partners,Seed Funding,N/A,
50,12/10/2015,Gridle,Cloud Based Collaboration platform,Ahmedabad,LetsVenture,Seed Funding,"100,000",
51,12/10/2015,Tripoto,global community for travellers,New Delhi,"500 Startups, IDG Ventures & Advantedge fund, Neeraj Arora, Leon Seynave",Private Equity,N/A,Series A
52,12/10/2015,Mubble,Prepaid Bill manager App,Bangalore,Accel Partners,Private Equity,N/A,Series A
53,13/10/2015,Voodoo,Mobile Only Shopping Assistant,New Delhi,SAIF Partners,Seed Funding,"1,000,000",
54,13/10/2015,Lookup,Mobile Messaging Assistant App,Bangalore,"Khosla Impact, Biz Stone, Catamaran Ventures, Global Founders Capital, European investment fund",Private Equity,"2,500,000",Series A
55,14/10/2015,AskMyGift,Personalized Wish List creator app,Noida,Turning Ideas,Seed Funding,"50,000",
56,14/10/2015,Gaana.com,Music Streaming mobile app,Mumbai,Micromax Informatics Ltd,Private Equity,N/A,Strategic Funding
57,14/10/2015,Zappfresh,Raw Meat & Ready to eat food etailer,Gurgaon,Undisclosed Investors,Seed Funding,"77,000",
58,14/10/2015,GymTrekker,Gym Discovery platform,Mumbai,"Dewang Neralla,Roopak Taneja, Manisha Gupta",Seed Funding,N/A,
59,15/10/2015,Bounty App,Online Purchase rewards app,Bangalore,"Fireside Ventures, Mumbai Angels MAPE Advisory Group.",Seed Funding,N/A,
60,16/10/2015,Homers.in,Home rental platform,Gurgaon,"Devesh Rai G, Rajesh Aggarwal, Amitpal Bhutani",Seed Funding,N/A,
61,16/10/2015,mShipper,Crowdsourced Delivery platform,New Delhi,Vijai Laxmi,Seed Funding,N/A,
62,16/10/2015,BolRealty,Real Estate Insights platform,New Delhi,Manpreet Singh,Seed Funding,N/A,
63,17/10/2015,S-Cube Futuretech,Structural & Civil Engg Service Automation,Mumbai,Parampara Capital,Private Equity,"1,000,000",Series A
64,19/10/2015,LetsVenture,Startup Funding Marketplace,Bangalore,"Accel Partners, Anupam Mittal & other marquee investors",Private Equity,N/A,Series A
65,19/10/2015,Citrus Payment,Payments Solution platform,Mumbai,"Sequoia Capital, Ascent Capital, eContext Asia, Beenos Asia",Private Equity,"25,000,000",Series C
66,19/10/2015,Holidify,Travel Destination Discovery platform,New Delhi,Aarti Group,Seed Funding,"100,000",
67,20/10/2015,PrimaSeller,Order Fulfillment SAAS platform,Bangalore,"Dr. Aniruddha Malpani Manish Gupta, M&S Partners & others",Seed Funding,N/A,
68,20/10/2015,Opinio,Last Mile Delivery Service,Bangalore,"Delhivery, Sands Capital and Accel Partners",Private Equity,"7,000,000",Series A
69,20/10/2015,Attune Technologies,Healthcare IT Solutions & services,Chennai,"Qualcomm Venture, Norwest Venture Partners",Private Equity,"10,000,000",Series B
70,20/10/2015,iChef.in,Gourmet Meals Delivery,Mumbai,Springboard Ventures,Private Equity,N/A,
71,21/10/2015,Jiyo Natural,Healthy Meals Food delivery platform,Bangalore,Indian Angel Network,Seed Funding,N/A,
72,21/10/2015,AgentDesks,Real Estate Mobile CRM,New York/ India,"Sierra Ventures, Cota Capital, Vegas Tech Fund",Seed Funding,"2,950,000",
73,21/10/2015,White Owl Brewery,Micro-Brewery,Mumbai,"Arihant Patni, RAAY Global Investments",Private Equity,"1,530,000",Series A
74,21/10/2015,MealHopper,Home Made Food Marketplace,Gurgaon,"Alok Bajpai, Rajnish Kumar, Amit Dey",Seed Funding,"100,000",
75,21/10/2015,Zenify.in,residential rental management platform,Bangalore,"Atul Jalan, Shrikanth & Bharath",Seed Funding,"640,000",
76,21/10/2015,Stockal,Personalized Stock Intelligence Platform,Bangalore,"R Natarajan, Mohan Alexander",Seed Funding,N/A,
77,23/10/2015,Medd,Personal Diagnostic Mobile App,Mumbai,Group of Angel investors,Seed Funding,"150,000",Bridge Round
78,23/10/2015,Leaping Caravan,Online food ordering & Delivery service,Gurgaon,Group of Angel investors,Seed Funding,"150,000",
79,23/10/2015,Frsh,Online food ordering & Delivery service,Gurgaon,"Mumbai Angels, Mayank Bhangdia, Kae Capital",Private Equity,"1,000,000",Bridge Round
80,23/10/2015,Qik Stay,Hotel Aggregator & booking platform,New Delhi,ID Enablers Pvt Ltd,Seed Funding,"250,000",
81,26/10/2015,Parcelled,Online Logistics Platform,Bangalore,Delhivery,Private Equity,"5,000,000",
82,26/10/2015,AlmaMapper,Online Student & Campus Social Networking platform,Ahmedabad,Oswal Techno Ventures LLP,Seed Funding,"400,000",
83,26/10/2015,Flexing It,Professionals & Project Search Marketplace,New Delhi,undisclosed private investors,Seed Funding,"500,000",
84,26/10/2015,Netmeds.com,Online Pharmacy,Chennai,"OrbiMed, Pradip Dadha Group",Private Equity,"50,000,000",Series A
85,26/10/2015,Razorpay,Online Payment Gateway,Jaipur,"Tiger Global Management, Matrix Partners",Private Equity,"9,000,000",Series A
86,27/10/2015,Jombay,Psychometric Test Online Software,Pune,Ventureworks India,Private Equity,N/A,
87,27/10/2015,Happitoo,Location based Nightlife recommendation  Platform,Mumbai,Unnamed investor,Seed Funding,"77,000",
88,27/10/2015,Care24,Professional Health Services Platform,Mumbai,India Quotient,Seed Funding,"350,000",
89,27/10/2015,Roadrunnr,Hyperlocal Logistics Service,Bangalore,"Sequoia Capital, Nexus Venture Partners",Private Equity,"10,000,000",Series B
90,27/10/2015,Simpli5d,Online user engagement platform,Gurgaon,"Redcliffe Capital, YourNest Angel Fund",Private Equity,N/A,Bridge Funding
91,28/10/2015,ORIGA Leasing,Asset Financing platform,Mumbai,"ah! Ventures, 500 Startups & Other HNIs",Seed Funding,"1,100,000",
92,28/10/2015,Smartivity.in,Virtual Reality activity based learning platform,New Delhi,S Chand and Co Pvt Ltd,Seed Funding,"200,000",
93,28/10/2015,UrDoorStep,Online Grocery Store,Bangalore,Jupiter Capital,Private Equity,N/A,Series A
94,29/10/2015,Tavaga,Investment management platform,Mumbai,Tracxn Syndicate,Seed Funding,N/A,
95,29/10/2015,Moglix,Industrial Toons Marketplace,Noida,"Accel Partner, Jungle Ventures",Private Equity,N/A,pre-Series A
96,29/10/2015,ZopHop,Public Commute helper App,Mumbai,"Amit Singhal, PK Gulati & others",Seed Funding,"450,000",
97,30/10/2015,Niki.ai,Artificial Intelligence Ecommerce Chatbot,Bangalore,Unilazer Ventures,Seed Funding,N/A,
98,30/10/2015,Instavans,Truck Aggregator & Logistics service,Bangalore,Suresh Vaswani,Seed Funding,N/A,
100,30/10/2015,LiftO,Ridesharing Mobile app,Mumbai,"Rajesh Bhatia, Dheeraj Mehta & Others",Seed Funding,"130,000",
101,30/10/2015,TinyOwl,Food Discovery & Delivery Mobile app,Mumbai,"Sequoia Capital, Matrix Partners",Private Equity,"7,500,000",Series B
102,30/10/2015,Toppr.com,Competitive exam learning platform,Mumbai,InnoVen Capital,Private Equity,"2,000,000",Series C
103,30/10/2015,Kleeto,Document Digitization platform,Gurgaon,GREX,Seed Funding,"230,000",pre-Series A
104,30/10/2015,BeaconsTalk,proximity marketing & Mobile Advertising platform,Mumbai,Puneet Bhatia & others,Seed Funding,"80,000",
105,31/10/2015,Jugnoo,Autorickshaw Aggregator & Booking platform,Chandigarh,Paytm,Private Equity,"10,000,000",Series B
