,Startup Name,Founding Date,City,Industry/Vertical,Sub-Vertical,Founders,Investors,Amount(in USD),Investment Stage
0,Elucidata,2015,New Delhi,BioTechnology,Elucidata Corporation uses data analytics to transform decision-making processes in R&D labs in biotechnology and pharmaceutical companies.,"Abhishek Jha, Richard Kibbey, Swetabh Pathak",Hyperplane Venture Capital,"$5,000,000",Pre-series A
1,Saveo,2019,Bangalore,HealthTech,Saveo operates a business-to-business e-commerce platform focused on pharmacies.,"Amit Kumar, Anurag Savarnya, Shivansh Shrivastava, Vivek Jaiswal","Matrix Partners India, RTP Global","$4,000,000",Seed
2,Qin1,2019,Noida,EdTech,Re-imagining Kids of 21st Century!,Ishan Gupta,Venture Catalysts,Undisclosed,Pre-series A
3,DotPe,2019,Gurugram,FinTech,"DotPe is an innovative offline technology platform digitising merchant's customer engagement with mobile discovery, ordering and payments.","Anurag Gupta, Gyanesh Sharma, Shailaz Nag","Info Edge, Ruizheng Investment","$8,000,000",Seed
4,Taskmo,2018,Bangalore,B2B Marketplace,Gig Economy Platform | Task Fulfillment Platform | New-age fulfillment solutions,"Prashant Janadari, Naveen Ramchandra",Quess Corp India,"$1,400,000",
5,MasterMentors,2019,West Bengal,EdTech,India's first online platform for mentors enabling them to translate their expertise into a profitable online course,"Suraj Juneja, Vijay Rachh, and Aaquib Hussain",,"$1,500,000",
6,KIKO TV,2020,Mumbai,E-commerce,KIKO TV is an AI-based short live video e-commerce platform.,Shivam Varshney,"Sunil Kumar Singhvi, 9Unicorns Accelerator Fund",Undisclosed,Pre-series A
7,Quali55Care,2018,Mumbai,Health care,Deliver highly durable & affordable medical equipments on rental and sale.,Harddik K Patel,India Accelerator’s Angel Investor Network,Undisclosed,Seed
8,Ruptok,2020,New Delhi,FinTech,Ruptok operates as a fintech platform for gold loans,"Ankur Gupta, Akshita Gupta, Yashwardhan Aeren",Wurk,"$10,000,000",
9,RevFin,2018,New Delhi,FinTech,RevFin is a digital lending company.,Sameer Aggarwal,Shell Foundation,Undisclosed,
10,SeeVC,2020,New Delhi,Tech Startup,Leverages artificial intelligence (AI) to build products for the education sector,"Shivam Sood, Lark Aakarshan",Jimmy Singh,"$1,000,000",Seed
11,Junio,2020,New Delhi,EdTech,Junio is a kids-focused digital pocket money-smart card.,Shankar Nath,"Kunal Shah, Deepak Abbot","$1,000,000",
12,VenWiz,2020,Bangalore,B2B service,Digitising the interactions between core industry and vendors for engineering services,"Rajesh Reddy, Sandesh Paturi","Accel, Nexus Venture","$300,000",Seed
13,Vista Rooms,2015,Mumbai,Hospitality,"Vista Rooms is a South Asia's largest luxury holiday home rental management company. We are on a mission to build the ""Marriott for Homes""","Amit Damani, Ankita Sheth, Pranav Maheshwari","Singapore Angel Network, Artha India Ventures","$1,000,000",
14,Makers Hive,2018,Hyderabad,Tech Startup,"Makers Hive has made it possible to bring the people with amputations together by developing a fully functional, customizable",Pranav Vempati,"Starfish Growth Partners, Investpad","$9,000,000",
15,Headfone,2017,Bangalore,Social audio,Headfone helps create and share the audio content with listeners.,"Pratham Khandelwal, Yogesh Sharma",Hashed,"$3,000,000",Seed
16,Zouk,2016,Mumbai,Fashion and lifestyle,100% Vegan bags from India.,Disha Singh,Titan Capital,Undisclosed,Seed
17,MPL,2018,Bangalore,Gaming,Mobile Premier League is a skill-based eSports platform used to offer cash prizes while playing games.,"Sai Srinivas Kiran G, Shubham Malhotra","Pegasus Tech Ventures, Base Partners","$5,000,000",
18,GrowFix,2020,Bangalore,FinTech,Building high-yield Debt assets for retail investors,"Ajinkya Kulkarni, Abhik Patel","Zerodha's Rainmatter Capital, Better Capital","$2,000,000",Seed
19,Bombay Shaving Company,2016,New Delhi,Fashion and lifestyle,"Bombay Shaving Company is a consumer goods company that focuses on developing a range of shave care, beard care, and skincare products.","Deepu Panicker, Raunak Munot, Rohit Jaiswal, Shantanu Deshpande","Sixth Sense Ventures, Colgate Palmolive","$6,000,000",
20,Dunzo,2015,Bangalore,Delivery service,Dunzo is a hyper-local delivery app that connects users to the nearest delivery partner.,"Ankur Aggarwal, Dalvir Suri, Kabeer Biswas, Mukund Jha","Lightbox, Evolvence India Fund","$40,000,000",Series E
21,BeyondSkool,2020,Mumbai,EdTech,BeyondSkool is a live upskilling platform for kids,Payal Gaba,Tomorrow Capital,"$2,000,000",Seed
22,Mindler,2015,New Delhi,EdTech,Mindler is a career counseling company that provides career development guidance counseling services for students.,Prateek Bhargava,"Inflection Point Ventures, DLabs","$1,000,000",Pre-series A
23,Fashinza,2020,Gurgaon,B2B Manufacturing,Fashinza is a B2B manufacturing marketplace that solves apparel/fashion supply chain challenges.,"Abhishek Sharma, Pawan Gupta","Accel Partners, Elevation Capital","$2,600,000",Seed
24,BharatPe,2018,New Delhi,FinTech,BharatPe develops a QR code-based payment app for offline retailers and businesses.,"Ashneer Grover, Shashvat Nakrani","InnoVen Capital, Steadview Capital","$6,000,000",Debt
25,Turnip,2020,Bangalore,Gaming,Turnip is a live game streaming and community platform.,"Aditya Sharma, Pooja Dubey",Elevation Capital,"$1,600,000",Seed
26,Furlenco,2012,Bangalore,Home Decor,Furlenco is a subscription-based furniture rental platform that allows users to rent furniture on a monthly basis.,Ajith Karimpana,BlackSoil Capital,"$2,000,000",
27,Inficold,2015,New Delhi,Solar,Provide uninterrupted and affordable cooling for refrigeration,"Himanshu Pokharna, Nitin Goel",Shell Foundation,"$900,000",Pre-series A
28,KIWI,2020,New Delhi,TaaS startup,"A peer to peer support network, which would enable billions of users across the world","Imran Ladiwala, Mishu Ahluwalia","PointOne Capital, Core91 VC","$250,000",Seed
29,Digit Insurance,2016,Bangalore,FinTech,Digit Insurance is a financial services company that general insurance services.,Kamesh Goyal,"A91 Partners, Faering Capital",Undisclosed,
30,BharatPe,2018,New Delhi,FinTech,BharatPe develops a QR code-based payment app for offline retailers and businesses.,"Ashneer Grover, Shashvat Nakrani","InnoVen Capital, Steadview Capital","$10,000,000",Debt
31,MFine,2017,Bangalore,Health care,Mfine is an health-tech startup that offers an AI-powered online doctor consultation app.,"Ajit Narayanan, Ashutosh Lawania, Prasad Kompalli","Blockchain Capital, SBI Ven Capital","$16,000,000",
32,Udayy,2019,Gurgaon,EdTech,Interactive learning platform for kids,"Saumya Yadav, Mahak Garg, Karan Varshney",Alpha Wave Incubation,"$2,500,000",Seed
33,Lohum,2017,Noida,EV startup,Lohum manufactures lithium-ion battery packs and recovers critical battery materials from used lithium-ion batteries through recycling.,Rajat Verma,"Baring Private Equity Partners India, Talbros","$7,000,000",
34,Darwinbox,2015,Hyderabad,HR Tech,Darwinbox is an end-to-end enterprise HR software that enables enterprises to automate entire employee lifecycle in one HR platform.,"Chaitanya Peddi, Jayant Paleti, Rohit Chennamaneni","Sequoia Capital India, 3one4 Capital","$15,000,000",
35,DeHaat,2012,Patna,AgriTech,DeHaat connects farmers to suppliers and buyers on a single platform.,"Shashank Kumar, Manish Kumar","Prosus Ventures, RTP Global","$30,000,000",Series C
36,Samunnati,2014,Chennai,AgriTech,Samunnati is a specialized agriculture value chain enabler providing innovative and customized financial and non-financial solutions.,Anil Kumar,"U.S. International Development Finance Corp, responsAbility","$10,000,000",Debt
37,Biconomy,2019,New Delhi,Blockchain startup,Biconomy is a technology company building transaction infrastructure for next-generation Web 3 applications.,"Ahmed Al-Balaghi, Aniket Jindal, Sachin Tomar","Binance Labs, Zee Prime Capital","$1,500,000",Seed
38,True Elements,2011,Pune,Food and Beverages,"Committed to improving the quality of life, True Elements provides food that is packed with the goodness of nature!","Puru Gupta, Sreejith Moolayil",RP-Sanjiv Goenka Group,"$1,000,000",
39,Siply,2020,Bangalore,FinTech,Siply Services operates as a micro-savings platform.,Sousthav Chakrabarty,Inflection Point Ventures,"$1,000,000",Seed
40,Nao Spirits & Beverages Pvt Ltd,2016,New Delhi,Beverages,India's first Craft Gin company,Anand Virmani,,"$2,000,000",Series A
41,PurpleTutor,2019,Mumbai,EdTech,PurpleTutor is the only coding platform that mandates every teacher to have a formal Computer Science degree,"Gaurav Perti, Yatish Gupta",IvyCap Ventures,"$300,000",Seed
42,Karkhana.io,2018,Mumbai,Manufacturing startup,Karkhana.io is an on-demand manufacturing platform with a vision of digitalizing manufacturing.,Sonam Motwani,Zone Startups In,"$1,500,000",Seed
43,SSA Finserv,2019,Mumbai,FinTech,Small businesses-focused non-banking lender,Vikas Agarwal,Blue Ashva Capital,"$3,000,000",
44,CoinSwitch Kuber,2017,Bangalore,Cryptocurrency,Coinswitch.co is a cryptocurrency exchange aggregator platform.,"Ashish Singhal, Govind Soni, Vimal Sagar Tiwari","Ribbit Capital, Kunal Shah","$15,000,000",Series A
45,Paperfly,2016,Bangalore,E-commerce,Paperfly is an e-commerce fulfillment and nationwide delivery solution in Bangladesh,"Shahriar Hasan, Md Razibul Islam, Rahath Ahmed, Shamsuddin Ahmed",Ecom Express,"$11,000,000",
46,Infra.Market,2016,Thane,E-commerce,Infra.Market is an online procurement marketplace for every category of materials and products needed for building projects.,"Souvik Sengupta, Aaditya Sharda",InnoVen Capital,"$6,000,000",Debt
47,ReadyAssist,2018,Bangalore,Vehicle repair startup,"ReadyAssist is one of the India's leading 24/7 roadside assistance, breakdown support, towing and repairs provider for both Bikes & Cars.",Vimal Singh SV,Satish Grampurohit,"$1,000,000",Seed
48,Chalo,2014,Mumbai,IT,Chalo is a free app that tracks buses live and tells you what time your bus will reach your stop.,"Mohit Dubey, Nikhil Aggarwal","Amit Singhal, Raine Ventures","$7,000,000",
49,Unacademy,2015,Bangalore,EdTech,Unacademy is an online learning platform providing educational content such as video lectures and examinations.,"Gaurav Munjal, Hemesh Singh, Roman Saini, Sachin Gupta","Tiger Global, Dragoneer Investment Group, Steadview Capital, General Atlantic","$50,000,000",
50,Ergos,2012,Samsitpur,AgriTech,Ergos is building an integrated supply chain platform that enables farmers to convert their grains to digital assets.,"Kishor Kumar Jha, Praveen Kumar","CDC Group, Aavishkaar Venture Capital","$3,000,000",Series A
51,Bolkar,2018,Bangalore,Social network,Bolkar App is an Audio Based Q&A platform for the Next Billion Users.,"Abhishek Tripathi, Dhruv Kaushal, Prince Tripathi, Saurabh Rai","GSF, Pras Hanuma",Undisclosed,
52,Wright Research,2019,Mumbai,Advisory firm,Quantitative Investment Management and Research,Sonam Srivastava,"Ajat Hukkoo, Piyush Chaplot",Undisclosed,Pre-seed
53,Knocksense,2016,Lucknow,Media,Knocksense which owns and operates an eponymous digital content platform.,"Varul Mayank, Vibhore Mayank, Vibhore Mayank","Mumbai Angels, Amitesh Pandey","$200,000",
54,Pariksha,2015,Pune,EdTech,"Pariksha - The Sucess App, India's largest vernacular test preparation company for the mobile 1st internet users of India","Deepak Choudhary, Karanvir Singh Shekhawat, Utkarsh Bagri, Vikram Shekhawat","Venture Catalysts, 9Unicorns Accelerator Fund","$1,800,000",
55,Toothsi,2018,Mumbai,Healthcare,ToothSi is a new age startup in the dental space providing smile correction services at home.,"Dr Arpi Mehta, Dr Pravin Shetty, Dr Manjul Jain, Dr Anirudh Kale",Think Investments,"$5,000,000",Series A
56,Jumbotail,2015,Bangalore,Food and Beverages,"Jumbotail is solving an important problem of organising food and grocery ecosystem in India through technology, data science and design.","Ashish Jhina, Karthik Venkateswaran","Nexus Venture Partners, 23 High Networth Individuals (HNIs)","$14,300,000",Series B3
57,Phi Commerce,2015,Pune,FinTech,"Payments Facilitator, Payments solution provider etc.","Anil Sharma, Jose Thattil, Rajesh Londhe, Tushar Shankar","Yatra Angel Network, BEENEXT","$4,000,000",Series A
58,Zupee,2018,Gurgaon,Gaming,Zupee is a skill-based gaming app that enables its users to play against each-other live,"Dilsher Singh Malhi, Siddhant Saurabh","Orios Venture Partners, Matrix Partners India","$10,000,000",
59,Oneiric Gaming,2020,Chandigarh,Gaming,Oneiric Gaming connects to fellow dreamers around the globe over cult favorite games like Bluff and Cricket.,Avneet Singh,Trishneet Arora,Undisclosed,
60,Finsall,2019,Bangalore,Insuretech,Finsall provides Insurance Premium Financing,"Prabal Khanna, Tim Mathews",Unicorn India Ventures,"$300,000",Seed
61,Legalwiz.in,2015,Ahmedabad,Legaltech,"LegalWiz.in is committed to provide high quality professional services for small businesses, start-up entrepreneurs and individuals.","Shrijay Sheth, Gaurav Barot",ContCentric,"$500,000",
62,Practically,2018,Telangana,EdTech,"Making Learning personal, immersive and experiental",Subbarao Siddabattula,Siana Capital,"$4,000,000",Pre-series B
63,Cred,2018,Bangalore,FinTech,CRED is a Bengaluru-based fintech startup that offers rewards for customers who use its platform to pay their credit card bills.,Kunal Shah,"DST Global, General Catalyst","$81,000,000",Series C
64,Devic Earth,2018,Bangalore,Pollution control equiptment,"State-of-the-art air pollution control equipment to improve air quality across buildings, industries, and cities.",Dr Srikanth Sola,Blue Ashva Capital,"$1,000,000",
65,Zerone,2018,Gurgaon,FinTech,"Convert smartphones into a POS machine using our ZUP proximity payment technology, with no additional hardware and no need for NFC.",Jaijit Bhattacharya,Anthill Ventures,"$1,300,000",Pre-series A
66,boAt,2016,Mumbai,Fashion & Lifestyle,boAt is a lifestyle brand that deals in fashionable consumer electronics.,"Aman Gupta, Sameer Mehta","InnoVen Capital, InnoVen Capita","$100,000,000",PE
67,Pocket Aces,2013,Mumbai,Media,Pocket Aces is a digital entertainment company focused on mobile video.,"Anirudh Pandita, Aditi Shrivastava, Ashwin Suresh","3one4 Capital, DSP Group","$2,000,000",
68,Kyt,2020,Bangalore,EdTech,"An online-first, global academy for extracurricular learning | Private & small group online classes for kids","Bhavik Rathod, Tripti Ahuja",Alpha Wave Incubation,"$5,000,000",Series A
69,iMumz,2019,Bangalore,Healthcare,"iMumz empowers pregnant mothers to deliver healthy, happy, and intelligent babies through a positive lifestyle.","Dr Jaideep Malhotra, Rajesh Jagasia, Ravi Teja Akondi, Mayur Dhurpate","Enzia Ventures, AngelList","$300,000",
70,BharatPe,2018,New Delhi,FinTech,BharatPe develops a QR code-based payment app for offline retailers and businesses.,"Ashneer Grover, Shashvat Nakrani","Steadview Capital, Insight Partners","$8,200,000",Debt
71,CropIn,2010,Bangalore,AgriTech,CropIn is a leading AI and Data-led agri-tech organization that provides SaaS solutions to agribusinesses globally using deep learning.,Krishna Kumar,"Invested Development, Pratithi Investment Trust","$20,000,000",Series C
72,Udaan,2016,Bangalore,E-commerce,"Udaan is a B2B trade platform that brings manufacturers, traders, retailers, and wholesalers into a single platform","Amod Malviya, Sujeet Kumar, Vaibhav Gupta","Octahedron Capital, Moonstone Capital","$280,000,000",
73,Vanity Wagon,2018,Haryana,Cosmetics,"Vanity Wagon is India’s #1 Natural Organic Beauty Marketplace. Buy Ayurvedic Natural Beauty Products in India for skin, hair & body care.",Prateek Ruhail,"Dhianu Das, Agility Venture Partners","$200,000",Seed
74,Oyo,2012,Gurgaon,Hospitality,OYO operates a branded network of hotels designed to offer standardized stay experiences.,Ritesh Agarwal,Hindustan Media Venture,"$7,000,000",Series F1
75,Agri10x,2018,Pune,AgriTech,Agri10x integrates the entire Agri value-chain through a digital cooperative platform by harnessing emerging technologies,"Abhijith Naraparaju, Pankajj P. Ghode, Sundeep Bose",Omnivore,Undisclosed,Seed
76,BlackSoil,2016,Mumbai,FinTech,Blacksoil Advisory is an independent boutique advisory firm.,Ankur Bansal,Awign Enterprises,"$4,000,000",
77,HobSpace,2019,Mumbai,EdTech,HobSpace is a platform for extra-curricular activities online and offline for kids between 3-14 years.,"Priya Goel Sheth, Harsh Jain","Siddharth Bhaskar Shah, Upsparks","$100,000",Pre-series A1
78,DcodeAI,2020,New Delhi,EdTech,EMPOWER LEARNERS TO BE FUTURE READY USING AI,"Kartik Sharma, Ashish Aggarwal",S Chand,"$500,000",
79,Biocon Biologics,1978,Bangalore,BioTechnology,"Biocon is a fully integrated pure play biosimilars organization, globally engaged in developing high quality affordable biosimilars.",Kiran Mazumdar-Shaw,"Goldman Sachs, Tata Capital","$70,000,000",
80,KiranaKart,2020,Mumbai,E-commerce,A better model for instant grocery delivery in India.,"Kaivalya Vohra, Aadit Palicha",Global Founders Capital,"$720,000",Pre-seed
81,Meddo,2018,Gurgaon,Healthcare,Meddo is an end-to-end medical services provider,Saurabh Kochhar,"growX ventures, Venture Gurukool","$3,000,000",Pre-series A
